{"cameraMode":{"drawMode":0,"name":"Shaded","section":"Shading Mode"},"sceneLighting":true,"audioPlay":false,"sceneViewState":{"m_AlwaysRefresh":false,"showFog":true,"showSkybox":true,"showFlares":true,"showImageEffects":true,"showParticleSystems":true,"showVisualEffectGraphs":true,"m_FxEnabled":true},"in2DMode":false,"pivot":{"x":2.0620901584625246,"y":1.8992552757263184,"z":6.847919940948486},"rotation":{"x":0.015318788588047028,"y":-0.19022402167320252,"z":-0.002958655124530196,"w":-0.98164302110672},"size":7.6585588455200199,"orthographic":false}