{"cameraMode":{"drawMode":0,"name":"Shaded","section":"Shading Mode"},"sceneLighting":true,"audioPlay":false,"sceneViewState":{"m_AlwaysRefresh":false,"showFog":true,"showSkybox":true,"showFlares":true,"showImageEffects":true,"showParticleSystems":true,"showVisualEffectGraphs":true,"m_FxEnabled":true},"in2DMode":false,"pivot":{"x":-0.33322983980178835,"y":-0.38190895318984988,"z":0.9474979639053345},"rotation":{"x":-0.30480483174324038,"y":-0.3168165981769562,"z":0.10832959413528443,"w":-0.8916531801223755},"size":11.324563980102539,"orthographic":false}